/*
SQLyog Ultimate v11.42 (64 bit)
MySQL - 10.1.31-MariaDB : Database - blog_db
*********************************************************************
*/

/*!40101 SET NAMES utf8 */;

/*!40101 SET SQL_MODE=''*/;

/*!40014 SET @OLD_UNIQUE_CHECKS=@@UNIQUE_CHECKS, UNIQUE_CHECKS=0 */;
/*!40014 SET @OLD_FOREIGN_KEY_CHECKS=@@FOREIGN_KEY_CHECKS, FOREIGN_KEY_CHECKS=0 */;
/*!40101 SET @OLD_SQL_MODE=@@SQL_MODE, SQL_MODE='NO_AUTO_VALUE_ON_ZERO' */;
/*!40111 SET @OLD_SQL_NOTES=@@SQL_NOTES, SQL_NOTES=0 */;
CREATE DATABASE /*!32312 IF NOT EXISTS*/`blog_db` /*!40100 DEFAULT CHARACTER SET utf8 */;

USE `blog_db`;

/*Table structure for table `categories` */

DROP TABLE IF EXISTS `categories`;

CREATE TABLE `categories` (
  `id` int(10) unsigned NOT NULL AUTO_INCREMENT,
  `name` varchar(128) COLLATE utf8mb4_unicode_ci NOT NULL,
  `slug` varchar(128) COLLATE utf8mb4_unicode_ci NOT NULL,
  `body` mediumtext COLLATE utf8mb4_unicode_ci,
  `created_at` timestamp NULL DEFAULT NULL,
  `updated_at` timestamp NULL DEFAULT NULL,
  PRIMARY KEY (`id`)
) ENGINE=InnoDB AUTO_INCREMENT=11 DEFAULT CHARSET=utf8mb4 COLLATE=utf8mb4_unicode_ci;

/*Data for the table `categories` */

insert  into `categories`(`id`,`name`,`slug`,`body`,`created_at`,`updated_at`) values (1,'Sint harum sit quibusdam.','sint-harum-sit-quibusdam','Dolores autem aut ducimus totam ipsum ea enim. Et voluptas ut et minus est id molestias. Provident ipsa sint fugit quia. Cumque error iure cupiditate natus at. Sit nam ut fugiat ab iure. Aperiam et facilis eligendi sed provident repellendus. Qui et delectus error ut harum. Dolor animi ab quis exercitationem explicabo totam. Aut non ratione deleniti nemo.','2018-05-02 00:08:18','2018-05-02 00:08:18'),(2,'Dolorem expedita ad sunt.','dolorem-expedita-ad-sunt','Deserunt quae cumque et explicabo qui ea et. Earum mollitia veritatis id ratione. Velit qui qui provident quidem. Placeat aliquid quia consequuntur ea neque. Debitis incidunt distinctio accusamus eum nihil velit. Ratione nobis id quo numquam dolor. Ex aut rerum dolores aliquid numquam possimus dolores. Aperiam impedit non non eos labore ut soluta. Est consequatur magni ipsam nihil ea possimus doloremque.','2018-05-02 00:08:18','2018-05-02 00:08:18'),(3,'Qui molestiae ratione quis.','qui-molestiae-ratione-quis','Sapiente et quod modi. Enim asperiores velit explicabo iste sed. Occaecati adipisci eos doloribus ea voluptas. Eligendi soluta et temporibus vel dolore quis quidem quos. Et cum sapiente nesciunt assumenda hic. Pariatur doloribus excepturi aperiam ut. Sequi quas qui at facere quisquam id. Numquam repellendus occaecati error laudantium perferendis. Nemo omnis ut voluptas ad.','2018-05-02 00:08:18','2018-05-02 00:08:18'),(4,'Tempore voluptas a nesciunt.','tempore-voluptas-a-nesciunt','Voluptatem similique sint laborum aliquam a asperiores rerum. Similique autem accusamus ea quam et voluptate quaerat. Fugiat commodi quo eligendi quos aliquid impedit. Voluptatibus deserunt nisi quasi assumenda incidunt. Rerum soluta pariatur eos saepe. Saepe est qui esse et dolor et recusandae dolorem. Earum et amet in est qui rerum. Aut quos rerum quia adipisci dignissimos maxime.','2018-05-02 00:08:19','2018-05-02 00:08:19'),(5,'Et ad repellendus quasi cumque.','et-ad-repellendus-quasi-cumque','Neque placeat ut porro accusantium unde et. Numquam ipsa maiores et tempora quos voluptatem. At quisquam dolorem perspiciatis dolorem corporis qui. Et dolorum dolorum dolores cum a. Officia necessitatibus et beatae numquam quas. Cum eveniet voluptates incidunt repudiandae laborum ut sunt. Provident et quisquam sed consequatur ex velit necessitatibus.','2018-05-02 00:08:19','2018-05-02 00:08:19'),(6,'Accusantium possimus illum ratione ea.','accusantium-possimus-illum-ratione-ea','Qui omnis rerum id temporibus. Atque incidunt beatae quam sapiente quas. Repellendus laudantium quaerat esse sequi quaerat voluptas rerum. Voluptas nostrum ab laboriosam dolorum sint blanditiis unde. Maxime quas ducimus delectus. Laboriosam est voluptatem molestias ut quia. Tenetur debitis id numquam quia cupiditate temporibus laboriosam. Odit ut velit et quod et atque nam. Laborum quaerat est ut. Autem maiores iusto esse culpa adipisci.','2018-05-02 00:08:19','2018-05-02 00:08:19'),(7,'Repudiandae eaque sint necessitatibus.','repudiandae-eaque-sint-necessitatibus','Explicabo saepe accusamus aut quae animi quo. Reprehenderit quasi eveniet saepe vel iste ut. Corporis aut recusandae sit. Voluptas fugit at et impedit architecto. Non aut quia modi sint ut natus. Debitis aut architecto deserunt libero ut. Facere consequuntur voluptatem repellat molestias aperiam. Quod ipsam facere officiis quasi molestiae. Temporibus aut repudiandae consequuntur quis ut ea eveniet. Sint molestiae laborum quia est est maiores. Quo occaecati eveniet et voluptatem eveniet.','2018-05-02 00:08:19','2018-05-02 00:08:19'),(8,'Iusto explicabo ut ipsam.','iusto-explicabo-ut-ipsam','Aliquid debitis corporis at et facere et. Fugit occaecati reiciendis veniam cum officiis. Quis pariatur et numquam. Harum alias atque optio cupiditate et eum fuga. Cupiditate inventore quos aut repellat doloremque. Numquam hic perferendis omnis non qui tempore. Quia molestiae cupiditate recusandae non. Voluptatem accusantium et est expedita asperiores.','2018-05-02 00:08:19','2018-05-02 00:08:19'),(9,'Vel excepturi officiis facere.','vel-excepturi-officiis-facere','Reprehenderit repellendus quod ea enim dolor itaque laborum. Et consequuntur perspiciatis doloremque. Illo eum perferendis consectetur praesentium illo id. Nobis eveniet autem sed ut impedit. Atque quo sint cum facilis repellat voluptatibus dolore. Vel magnam ipsam earum unde quia excepturi et sint. Magni illum velit maxime delectus.','2018-05-02 00:08:19','2018-05-02 00:08:19'),(10,'Et et unde velit in.','et-et-unde-velit-in','Modi illum quam et. Omnis at qui quia est blanditiis. Autem nulla autem a voluptatem dolores enim cum et. Eum deserunt vero accusamus laborum commodi recusandae et. Amet fuga sed est suscipit. Sequi esse voluptas enim cum qui praesentium officiis eius. Et debitis animi explicabo eum. Rerum eos at laborum accusamus dicta eos vero aut. Saepe et repudiandae qui est molestias.','2018-05-02 00:08:19','2018-05-02 00:08:19');

/*Table structure for table `migrations` */

DROP TABLE IF EXISTS `migrations`;

CREATE TABLE `migrations` (
  `id` int(10) unsigned NOT NULL AUTO_INCREMENT,
  `migration` varchar(255) COLLATE utf8mb4_unicode_ci NOT NULL,
  `batch` int(11) NOT NULL,
  PRIMARY KEY (`id`)
) ENGINE=InnoDB AUTO_INCREMENT=37 DEFAULT CHARSET=utf8mb4 COLLATE=utf8mb4_unicode_ci;

/*Data for the table `migrations` */

insert  into `migrations`(`id`,`migration`,`batch`) values (31,'2014_10_12_000000_create_users_table',1),(32,'2014_10_12_100000_create_password_resets_table',1),(33,'2018_05_01_164254_create_categories_table',1),(34,'2018_05_01_164415_create_posts_table',1),(35,'2018_05_01_164438_create_tags_table',1),(36,'2018_05_01_164736_create_post_tag_table',1);

/*Table structure for table `password_resets` */

DROP TABLE IF EXISTS `password_resets`;

CREATE TABLE `password_resets` (
  `email` varchar(128) COLLATE utf8mb4_unicode_ci NOT NULL,
  `token` varchar(255) COLLATE utf8mb4_unicode_ci NOT NULL,
  `created_at` timestamp NULL DEFAULT NULL,
  KEY `password_resets_email_index` (`email`)
) ENGINE=InnoDB DEFAULT CHARSET=utf8mb4 COLLATE=utf8mb4_unicode_ci;

/*Data for the table `password_resets` */

/*Table structure for table `post_tag` */

DROP TABLE IF EXISTS `post_tag`;

CREATE TABLE `post_tag` (
  `id` int(10) unsigned NOT NULL AUTO_INCREMENT,
  `post_id` int(10) unsigned NOT NULL,
  `tag_id` int(10) unsigned NOT NULL,
  `created_at` timestamp NULL DEFAULT NULL,
  `updated_at` timestamp NULL DEFAULT NULL,
  PRIMARY KEY (`id`),
  KEY `post_tag_post_id_foreign` (`post_id`),
  KEY `post_tag_tag_id_foreign` (`tag_id`),
  CONSTRAINT `post_tag_post_id_foreign` FOREIGN KEY (`post_id`) REFERENCES `posts` (`id`) ON DELETE CASCADE ON UPDATE CASCADE,
  CONSTRAINT `post_tag_tag_id_foreign` FOREIGN KEY (`tag_id`) REFERENCES `tags` (`id`) ON DELETE CASCADE ON UPDATE CASCADE
) ENGINE=InnoDB AUTO_INCREMENT=121 DEFAULT CHARSET=utf8mb4 COLLATE=utf8mb4_unicode_ci;

/*Data for the table `post_tag` */

insert  into `post_tag`(`id`,`post_id`,`tag_id`,`created_at`,`updated_at`) values (1,1,2,NULL,NULL),(2,1,9,NULL,NULL),(4,2,1,NULL,NULL),(5,2,9,NULL,NULL),(7,3,4,NULL,NULL),(8,3,6,NULL,NULL),(9,3,11,NULL,NULL),(10,4,5,NULL,NULL),(11,4,6,NULL,NULL),(13,5,4,NULL,NULL),(14,5,6,NULL,NULL),(16,6,4,NULL,NULL),(17,6,8,NULL,NULL),(19,7,5,NULL,NULL),(20,7,8,NULL,NULL),(21,7,11,NULL,NULL),(22,8,1,NULL,NULL),(23,8,9,NULL,NULL),(24,8,12,NULL,NULL),(25,9,5,NULL,NULL),(26,9,10,NULL,NULL),(27,9,11,NULL,NULL),(28,10,1,NULL,NULL),(29,10,10,NULL,NULL),(30,10,11,NULL,NULL),(31,11,2,NULL,NULL),(32,11,9,NULL,NULL),(34,12,1,NULL,NULL),(35,12,8,NULL,NULL),(37,13,2,NULL,NULL),(38,13,6,NULL,NULL),(39,13,12,NULL,NULL),(40,14,5,NULL,NULL),(41,14,6,NULL,NULL),(42,14,12,NULL,NULL),(43,15,1,NULL,NULL),(44,15,6,NULL,NULL),(46,16,3,NULL,NULL),(47,16,10,NULL,NULL),(48,16,11,NULL,NULL),(49,17,5,NULL,NULL),(50,17,7,NULL,NULL),(51,17,12,NULL,NULL),(52,18,4,NULL,NULL),(53,18,9,NULL,NULL),(54,18,12,NULL,NULL),(55,19,2,NULL,NULL),(56,19,10,NULL,NULL),(58,20,4,NULL,NULL),(59,20,7,NULL,NULL),(60,20,11,NULL,NULL),(61,21,3,NULL,NULL),(62,21,9,NULL,NULL),(63,21,11,NULL,NULL),(64,22,3,NULL,NULL),(65,22,7,NULL,NULL),(67,23,2,NULL,NULL),(68,23,7,NULL,NULL),(69,23,11,NULL,NULL),(70,24,4,NULL,NULL),(71,24,8,NULL,NULL),(73,25,4,NULL,NULL),(74,25,6,NULL,NULL),(75,25,12,NULL,NULL),(76,26,4,NULL,NULL),(77,26,7,NULL,NULL),(79,27,4,NULL,NULL),(80,27,10,NULL,NULL),(82,28,2,NULL,NULL),(83,28,7,NULL,NULL),(85,29,4,NULL,NULL),(86,29,8,NULL,NULL),(88,30,4,NULL,NULL),(89,30,10,NULL,NULL),(91,31,3,NULL,NULL),(92,31,8,NULL,NULL),(93,31,11,NULL,NULL),(94,32,5,NULL,NULL),(95,32,7,NULL,NULL),(96,32,11,NULL,NULL),(97,33,5,NULL,NULL),(98,33,7,NULL,NULL),(100,34,4,NULL,NULL),(101,34,10,NULL,NULL),(103,35,4,NULL,NULL),(104,35,10,NULL,NULL),(105,35,11,NULL,NULL),(106,36,4,NULL,NULL),(107,36,9,NULL,NULL),(109,37,3,NULL,NULL),(110,37,10,NULL,NULL),(111,37,11,NULL,NULL),(112,38,5,NULL,NULL),(113,38,10,NULL,NULL),(114,38,11,NULL,NULL),(115,39,3,NULL,NULL),(116,39,6,NULL,NULL),(118,40,3,NULL,NULL),(119,40,8,NULL,NULL);

/*Table structure for table `posts` */

DROP TABLE IF EXISTS `posts`;

CREATE TABLE `posts` (
  `id` int(10) unsigned NOT NULL AUTO_INCREMENT,
  `user_id` int(10) unsigned NOT NULL,
  `category_id` int(10) unsigned NOT NULL,
  `name` varchar(128) COLLATE utf8mb4_unicode_ci NOT NULL,
  `slug` varchar(128) COLLATE utf8mb4_unicode_ci NOT NULL,
  `excerpt` mediumtext COLLATE utf8mb4_unicode_ci,
  `title` text COLLATE utf8mb4_unicode_ci NOT NULL,
  `status` enum('PUBLISHED','DRAFT') COLLATE utf8mb4_unicode_ci NOT NULL DEFAULT 'DRAFT',
  `file` varchar(128) COLLATE utf8mb4_unicode_ci DEFAULT NULL,
  `created_at` timestamp NULL DEFAULT NULL,
  `updated_at` timestamp NULL DEFAULT NULL,
  PRIMARY KEY (`id`),
  KEY `posts_user_id_foreign` (`user_id`),
  KEY `posts_category_id_foreign` (`category_id`),
  CONSTRAINT `posts_category_id_foreign` FOREIGN KEY (`category_id`) REFERENCES `categories` (`id`) ON DELETE CASCADE ON UPDATE CASCADE,
  CONSTRAINT `posts_user_id_foreign` FOREIGN KEY (`user_id`) REFERENCES `users` (`id`) ON DELETE CASCADE ON UPDATE CASCADE
) ENGINE=InnoDB AUTO_INCREMENT=41 DEFAULT CHARSET=utf8mb4 COLLATE=utf8mb4_unicode_ci;

/*Data for the table `posts` */

insert  into `posts`(`id`,`user_id`,`category_id`,`name`,`slug`,`excerpt`,`title`,`status`,`file`,`created_at`,`updated_at`) values (1,6,9,'Voluptas rem quo.','voluptas-rem-quo','Porro et et facere ipsam sequi eveniet pariatur. Et quo magnam est dignissimos animi soluta. Dolorem ut et dolores soluta molestiae ut dolores. Distinctio consequatur iste nam ab id.','Numquam possimus doloremque cum ut quas. Autem pariatur est error quis expedita commodi. Illum et ut quod ducimus dolor. Dolor consequatur qui velit tenetur animi qui. Error hic quia reprehenderit et. Impedit et et repellendus tempora incidunt. Neque quae qui cumque accusantium est laborum. Neque quam nihil et ad et.','DRAFT','https://lorempixel.com/1200/400/?76318','2018-05-02 00:08:20','2018-05-02 00:08:20'),(2,4,6,'Neque eum laudantium laborum rerum odio.','neque-eum-laudantium-laborum-rerum-odio','Officia aut est maxime libero harum sed. Molestiae qui nihil nostrum ea ipsum eum eum. Aperiam provident illum tempora magnam rerum laborum vel eligendi. Ut est aut voluptatum quo pariatur.','Perspiciatis perferendis deleniti eveniet temporibus atque nostrum nostrum ipsam. Consectetur explicabo minus maxime voluptas. Incidunt explicabo voluptatem molestiae ut et ex. Sit accusamus aliquam veniam voluptas autem consequatur. Omnis voluptatum debitis sed sunt cum natus quasi. Rerum aut excepturi vero at explicabo quidem quia. In aliquam vel facilis rerum dolor ratione. Doloribus exercitationem vel placeat quia est. Aliquam voluptate a ipsam consequatur sed est eaque.','DRAFT','https://lorempixel.com/1200/400/?70332','2018-05-02 00:08:20','2018-05-02 00:08:20'),(3,5,1,'Et aliquid ut libero.','et-aliquid-ut-libero','Sed nostrum pariatur omnis occaecati quae. Dolore sed earum consequatur cum possimus veniam. Tenetur voluptatem qui porro quaerat et est. Magni excepturi non quam amet quos occaecati.','Et numquam ad temporibus enim nam et. Sequi sit fugiat quam excepturi. Incidunt et dolores eveniet non aut libero. Dolorem nesciunt repellendus reprehenderit enim. Nostrum fugit dolore atque ullam aut rem. Inventore enim qui suscipit nihil cumque sint est. Sunt sint pariatur sunt pariatur molestias rerum. Omnis blanditiis dolores optio fuga in ut. Distinctio vitae asperiores consequuntur omnis. Sit ea sapiente nisi dolorem et. Ullam tenetur voluptatem ad in.','PUBLISHED','https://lorempixel.com/1200/400/?50523','2018-05-02 00:08:20','2018-05-02 00:08:20'),(4,5,5,'Et velit non voluptas sunt.','et-velit-non-voluptas-sunt','Eaque ipsa soluta et officia dignissimos. Esse voluptate necessitatibus rem voluptatibus. Deserunt debitis quo necessitatibus labore reiciendis officiis. Dolore tempore aut repudiandae.','Optio dolores est minus velit ullam. Sunt ut sit molestiae repellendus vero. Tempora nihil est distinctio porro sit. Rem doloribus aut eum. Voluptatem ut soluta autem ipsam facilis incidunt officiis. Eveniet provident aperiam et non. Rerum quia a quidem cum voluptatem. Dolor ipsum molestias aperiam ut sint vitae. Vel officiis sit distinctio distinctio vitae ducimus esse autem. Aut odit totam laborum. Dolorum ipsam id ut quis.','PUBLISHED','https://lorempixel.com/1200/400/?57600','2018-05-02 00:08:20','2018-05-02 00:08:20'),(5,2,6,'Mollitia qui ut illo voluptates.','mollitia-qui-ut-illo-voluptates','Ipsa corrupti odit unde expedita. Repudiandae qui molestiae animi modi. Quasi et cum et autem aut consequuntur ut fugit.','Esse laudantium architecto itaque repudiandae quia illum vel et. Autem culpa est qui reprehenderit expedita. Laboriosam quos quod enim. Accusantium velit ducimus similique reiciendis provident accusamus placeat rerum. Ex eaque iure odio. Est qui veniam quis possimus sit fugit odit praesentium. Nihil temporibus rerum reiciendis doloribus autem.','PUBLISHED','https://lorempixel.com/1200/400/?60822','2018-05-02 00:08:20','2018-05-02 00:08:20'),(6,4,2,'Vel porro omnis non.','vel-porro-omnis-non','Et sunt harum totam quia voluptatibus aut. Ratione nisi consequatur libero blanditiis dignissimos eius sed. Mollitia cupiditate quo enim molestiae. Fuga ipsum harum repudiandae dolorum.','Sit reiciendis hic esse ipsa voluptatem quam. Non necessitatibus eum modi voluptas. Ipsam at rem quaerat. Quae numquam quibusdam tempore. Dolorem non dolor excepturi odit voluptates commodi distinctio. Quis aperiam quaerat velit est. Animi sed molestiae dolore est nemo perferendis earum. Recusandae et et et reprehenderit. Et necessitatibus commodi consequatur quo voluptatem. Debitis eum ducimus consequatur officia. Distinctio consequuntur magnam quo nulla ullam ipsum fuga.','PUBLISHED','https://lorempixel.com/1200/400/?11427','2018-05-02 00:08:20','2018-05-02 00:08:20'),(7,2,9,'Tenetur iusto ea.','tenetur-iusto-ea','Vero aut eius est qui necessitatibus sint omnis. Earum in possimus velit neque modi quasi sunt. Doloremque corporis sit voluptatem cum ut animi rerum. Doloremque omnis in consequatur ut in quas eum.','Consectetur exercitationem atque pariatur. Aperiam itaque explicabo reiciendis asperiores qui. Est excepturi possimus aut neque numquam. Assumenda numquam consequatur itaque est. Dolorum impedit earum eaque sunt sapiente. Veritatis voluptatem accusantium corrupti amet fugiat non. A molestias fugit error consequuntur. Enim delectus amet fugiat velit eum. Modi sequi occaecati est ut facere accusantium et laborum.','PUBLISHED','https://lorempixel.com/1200/400/?83350','2018-05-02 00:08:20','2018-05-02 00:08:20'),(8,9,10,'Dolores laborum fuga soluta.','dolores-laborum-fuga-soluta','Similique ea voluptas sit odit sit autem. Iusto officiis neque quo. Temporibus ipsum voluptas est suscipit expedita sed.','Aut adipisci dolores quam unde animi est. Nam cupiditate perspiciatis sunt sit. Recusandae sunt et qui optio neque beatae perspiciatis aut. Et quia ut esse dolorum suscipit odit voluptas. Eveniet consequatur sed vel eaque. Quis fugit deleniti molestiae qui sunt. Aut dolorem eos vero impedit a. Fuga aliquid nihil quo perspiciatis earum ullam. Minus ullam natus assumenda debitis et vitae sint corrupti. Et quaerat deserunt eum corporis. Maiores debitis sapiente praesentium omnis.','PUBLISHED','https://lorempixel.com/1200/400/?47680','2018-05-02 00:08:21','2018-05-02 00:08:21'),(9,8,5,'Qui iure ea veniam.','qui-iure-ea-veniam','Consequuntur voluptas ipsam iusto voluptas et aut et sint. Aperiam ullam eos quibusdam. Dolorem neque non sint qui laboriosam. Neque dolor fugit molestias atque.','Qui atque laboriosam earum ab. Quasi odit molestias recusandae qui quae omnis. Rerum magni eum temporibus eligendi ipsum omnis. Modi ipsam accusamus eum veniam odit nam. Et nobis eaque ducimus tempore aspernatur voluptatem. Voluptates maiores voluptates deleniti enim. Facilis nemo vitae et animi. Modi incidunt dolores vitae omnis quis et est amet. Porro impedit quo ut ut. Et temporibus eos enim aliquam magnam nemo. Laborum magnam aut dolorem iste quaerat non.','DRAFT','https://lorempixel.com/1200/400/?26633','2018-05-02 00:08:21','2018-05-02 00:08:21'),(10,1,7,'Doloremque dolores rem omnis aperiam.','doloremque-dolores-rem-omnis-aperiam','Aut quasi numquam autem cumque dolore. Laborum est libero iste qui illo numquam consequatur. Eaque iste et sint autem.','Sed minima ex tempora repellat aut quaerat. Nulla nostrum excepturi repudiandae. Animi quia sit dolores temporibus nihil. Fugiat eum debitis autem. Totam debitis ea quos inventore quidem facere. Quisquam qui molestiae amet cum. Ducimus laboriosam officiis modi beatae. Tenetur harum voluptatem voluptatem qui. Officia et veniam aut velit omnis qui ipsum. Sit veniam laudantium dolorem sed eum quos sequi. Rem hic tempora minus dolores fugit dolore modi placeat.','PUBLISHED','https://lorempixel.com/1200/400/?53026','2018-05-02 00:08:21','2018-05-02 00:08:21'),(11,6,2,'Occaecati voluptas ab eum numquam.','occaecati-voluptas-ab-eum-numquam','Deserunt illum adipisci quas est et quae. Aut facilis quis voluptas nemo. Qui ut itaque natus fuga sunt.','Commodi pariatur et dicta omnis voluptatem temporibus voluptatem. Laborum et nostrum enim. Explicabo itaque ea ratione ut maiores iure praesentium. Quis rerum temporibus delectus soluta excepturi voluptas. Et id nobis et voluptatum nihil. Ea eius sapiente sunt aspernatur. Consequatur et nihil ut eaque exercitationem rerum veritatis.','PUBLISHED','https://lorempixel.com/1200/400/?26886','2018-05-02 00:08:21','2018-05-02 00:08:21'),(12,2,5,'Vitae iure voluptates dolores.','vitae-iure-voluptates-dolores','Praesentium earum voluptatem et dignissimos. Sint sint ab consequatur sit id voluptatem omnis.','Porro aliquam totam delectus cum aut consequatur qui ab. Porro odio itaque ab nobis. Minus voluptate rerum molestiae est est rerum. Officiis et qui consequuntur et voluptatem. Qui sunt quo labore eius aspernatur laudantium. Quis ea eius voluptas quisquam nostrum dolorem quia quia. Doloribus dicta error fuga dolorem voluptas. Nesciunt modi neque officiis cupiditate et. Debitis culpa dolorem quibusdam vitae voluptas.','DRAFT','https://lorempixel.com/1200/400/?73275','2018-05-02 00:08:21','2018-05-02 00:08:21'),(13,1,3,'Eligendi sit at repudiandae.','eligendi-sit-at-repudiandae','Suscipit delectus incidunt fuga. Dolorem quaerat possimus inventore cum placeat voluptates. Eum dolore et quia id sed perferendis. Dolorum qui quas officia deleniti. Ipsa quis magni incidunt.','Perspiciatis labore hic quis unde. Molestiae beatae rerum nam in. Aliquid deleniti corrupti velit dolorem facilis. Totam sit qui vel totam non qui. Dignissimos atque rerum molestiae cum est. Nobis quas hic dignissimos qui ipsum. Omnis sed aut dolorem dolorem accusamus officia autem. Fuga quam ipsa laudantium dicta quibusdam laudantium excepturi. Officia dolorem ratione et aut quam. Totam alias eius omnis. Voluptas molestiae asperiores doloribus hic nulla et.','DRAFT','https://lorempixel.com/1200/400/?83165','2018-05-02 00:08:21','2018-05-02 00:08:21'),(14,4,7,'Doloremque consequatur quam ipsam alias.','doloremque-consequatur-quam-ipsam-alias','Neque enim fugiat in. Omnis repudiandae vitae tempore magni. Esse aut modi id quia. Labore perferendis eveniet aperiam quo error nisi dolorem. Voluptas sit aut et.','Consequatur numquam tempora hic deserunt et. Amet totam dolorem accusantium et. Officia odit cumque sunt quia error expedita. Veritatis sed perferendis eveniet est sint. Est aperiam sit ut omnis debitis assumenda. Quae sint repellat quia nisi. Maiores repudiandae est et sint voluptas. Eum enim quia nam nisi. Omnis laudantium expedita voluptatem consequatur recusandae. Aut rerum impedit exercitationem vel dicta est eum. Nam voluptas et et nesciunt ullam tempore nemo.','DRAFT','https://lorempixel.com/1200/400/?48468','2018-05-02 00:08:21','2018-05-02 00:08:21'),(15,4,2,'Neque dolorem et occaecati et.','neque-dolorem-et-occaecati-et','Rerum fuga at dolorum non quia ratione. Adipisci nostrum nobis voluptatem voluptatem. Vel id cum asperiores quam laborum omnis. Iste sed omnis aut.','Soluta quas sit non maxime. Quibusdam reiciendis sunt dolore et. Ut numquam adipisci quae. Perferendis porro ratione esse impedit. Cum qui est dolorem. Voluptatibus unde aut qui voluptas placeat. Saepe id reiciendis aut similique. Est sunt eveniet illo voluptatibus ab voluptatem. Ut dicta voluptas quod alias ab aut atque rem. Autem et quidem quibusdam.','PUBLISHED','https://lorempixel.com/1200/400/?53867','2018-05-02 00:08:21','2018-05-02 00:08:21'),(16,9,2,'Omnis ad et architecto.','omnis-ad-et-architecto','Consequuntur molestiae error sit itaque. Incidunt sit ut excepturi delectus.','Sit voluptatem voluptas nisi voluptas vel facilis. Inventore blanditiis illo est quas temporibus provident. Et libero quis eum possimus amet at rerum. Aut eum eos quis quasi non recusandae dolore. At alias aliquam consectetur quia. Dolores modi quae quo qui repudiandae. Voluptas nam accusantium ut voluptatem beatae accusantium. Vero molestias autem placeat accusantium aut. Voluptatem atque in quia itaque omnis nemo. Quaerat culpa consequuntur nihil consequatur provident enim.','PUBLISHED','https://lorempixel.com/1200/400/?51085','2018-05-02 00:08:21','2018-05-02 00:08:21'),(17,9,7,'Saepe consequatur eos nam qui aut.','saepe-consequatur-eos-nam-qui-aut','Minima minima quisquam recusandae quasi consequatur fugiat aut consequatur. Praesentium id eaque et voluptatibus molestiae. Nostrum et ut ipsa delectus. Ut debitis ea totam sunt et amet.','Delectus est assumenda qui ipsam. Dolorum itaque voluptatibus fugit nesciunt non. Sequi est dolores aut veniam libero qui. Sunt repellat maiores omnis molestiae. Qui repellendus non minus est molestias. Aspernatur non sit repellat itaque. Repellat vero necessitatibus doloribus culpa. Enim recusandae qui quisquam dolores deserunt vitae. Fugiat dolor iure aut ea. Vitae itaque voluptas ea quasi.','PUBLISHED','https://lorempixel.com/1200/400/?97024','2018-05-02 00:08:21','2018-05-02 00:08:21'),(18,1,4,'Et consequatur qui sint deserunt sit.','et-consequatur-qui-sint-deserunt-sit','At qui sed voluptates aspernatur nihil mollitia quidem. Expedita et doloribus eligendi. Laborum consequatur maiores ratione sint dicta. Sint dolor at sequi ullam rerum.','Sed beatae inventore tempora similique. Voluptatum praesentium qui omnis debitis voluptates est. Quia ducimus exercitationem aut numquam et repellat. Officia quas consequatur veritatis ea. Qui illum velit laborum recusandae. Dolor autem placeat in ad omnis odit vel. Accusantium doloremque sequi qui voluptatem odit placeat reiciendis. Laudantium nobis qui occaecati ipsum error aut impedit eos. Ipsam rerum quo quibusdam laboriosam.','PUBLISHED','https://lorempixel.com/1200/400/?24868','2018-05-02 00:08:21','2018-05-02 00:08:21'),(19,9,6,'Quas qui nobis dolore.','quas-qui-nobis-dolore','Unde ut sequi optio velit. Aliquam illo suscipit dolorem. Blanditiis quia deleniti in hic molestiae at quia. Placeat expedita quasi ut vero.','Non rerum ut voluptates eaque impedit non. Deserunt quas atque omnis qui. Molestiae aspernatur corrupti velit non incidunt rerum sunt nulla. Natus expedita aperiam reiciendis numquam ut ex dolor. Optio consectetur necessitatibus vel voluptate id nesciunt. Nesciunt labore sed optio et deserunt quia esse. Consequatur harum reprehenderit autem consequuntur et. Expedita animi quasi quia vitae.','DRAFT','https://lorempixel.com/1200/400/?86012','2018-05-02 00:08:21','2018-05-02 00:08:21'),(20,9,6,'Iste et neque non.','iste-et-neque-non','Autem nemo possimus quo nulla fugit ratione. Totam soluta saepe ut et non ut. Neque et illo enim qui. Minima recusandae doloribus quod nam autem.','Nihil explicabo et corporis architecto aliquam praesentium. Vero fugiat ad et similique. Consequuntur consequuntur minima quia quam voluptatem. Molestiae quisquam voluptatum et distinctio ut. Occaecati similique nam et molestias non veritatis dolor. Recusandae non debitis quam ut ratione repellat.','PUBLISHED','https://lorempixel.com/1200/400/?12534','2018-05-02 00:08:21','2018-05-02 00:08:21'),(21,10,8,'Soluta magni quam voluptatibus.','soluta-magni-quam-voluptatibus','Quod in culpa minima repellendus quo porro. Autem omnis quis fugiat accusamus nulla. Aperiam cum et vero cum cupiditate cum et.','Rem aut ut nam quis vitae tenetur est occaecati. Ea enim quis maxime repudiandae velit. A debitis sint praesentium possimus veritatis facere. Aut unde eum voluptatem asperiores iusto. Omnis quasi sequi consectetur accusamus quod maxime sed. Quibusdam consequuntur nulla temporibus aut. Ratione blanditiis enim esse omnis quos reprehenderit et.','DRAFT','https://lorempixel.com/1200/400/?25375','2018-05-02 00:08:21','2018-05-02 00:08:21'),(22,10,6,'Officiis officia totam.','officiis-officia-totam','Rerum quam provident accusamus magni et. Praesentium qui iure ipsa dolores dignissimos quis perferendis. Quis soluta harum dicta et. Accusamus praesentium ut id consequatur ea ut tempora.','Et quo eos enim est quas eos neque. Dolorum ad atque commodi et enim. Placeat et perferendis doloremque modi atque. Est incidunt sit voluptatem est provident. Reiciendis et porro ad dolores. Officiis eaque officia in. Praesentium dolorem quas voluptatem autem minus aliquid. Quaerat ducimus adipisci velit placeat ullam quam. Nulla veritatis sapiente eveniet velit ipsam. Hic excepturi deserunt inventore autem blanditiis aut tempore. Eaque vero ducimus vel aut saepe qui.','DRAFT','https://lorempixel.com/1200/400/?86856','2018-05-02 00:08:21','2018-05-02 00:08:21'),(23,10,3,'Voluptate quia recusandae voluptatibus numquam officia.','voluptate-quia-recusandae-voluptatibus-numquam-officia','Minus dolores sed eligendi minima doloremque esse. Et vel officiis praesentium sequi totam. Accusamus sed voluptatem possimus autem omnis et repellendus.','Error consequuntur nobis architecto et. Aut et odit aut in. Necessitatibus numquam aut culpa ipsam. Ea qui id minima molestiae maxime. Non cumque atque voluptates rem est iure quia officiis. Explicabo et molestiae quia aut necessitatibus eaque temporibus. Ut laborum cupiditate consequuntur at. Ratione ut aliquam error voluptatum ea similique voluptas. Dolores et sint nostrum suscipit temporibus. Quaerat quod soluta ut quaerat. Quia sed accusamus maiores nobis doloribus ullam ut voluptas.','DRAFT','https://lorempixel.com/1200/400/?21154','2018-05-02 00:08:21','2018-05-02 00:08:21'),(24,9,6,'Delectus ipsam ea esse.','delectus-ipsam-ea-esse','Sunt enim quia et id et aut qui modi. Quod dolorem est rerum eligendi.','Harum quam vitae iste molestiae. Reiciendis quaerat tempore a et. Non autem recusandae dolore tenetur quos deserunt quia aliquam. Rem eum assumenda quos vero. Debitis nesciunt quaerat eius ullam et et ut. Ut veritatis aspernatur nesciunt iure. Molestiae praesentium necessitatibus quia enim dolore natus. Sint quo praesentium harum quia consequatur. Reprehenderit et debitis blanditiis voluptas. Provident aspernatur voluptatem qui minima cumque in iste.','PUBLISHED','https://lorempixel.com/1200/400/?60398','2018-05-02 00:08:22','2018-05-02 00:08:22'),(25,3,10,'Qui quia ipsa et labore tempore.','qui-quia-ipsa-et-labore-tempore','Omnis et ratione veritatis fuga molestiae unde. Ut autem maxime eos perferendis. Enim possimus iste iure qui.','Sit sapiente ratione rem rerum aut error facere. Ducimus suscipit illo placeat est sed dolorum eum. Qui sed vel distinctio quasi repellendus. Aliquid et placeat molestiae aut id facere. Repellendus animi a non. Eos necessitatibus quae quis consequuntur est impedit. Laboriosam magni incidunt libero velit. Atque assumenda reiciendis similique sequi hic qui aperiam.','PUBLISHED','https://lorempixel.com/1200/400/?28011','2018-05-02 00:08:22','2018-05-02 00:08:22'),(26,1,9,'Ad molestiae aspernatur eveniet.','ad-molestiae-aspernatur-eveniet','Delectus velit qui eum incidunt. Hic omnis necessitatibus consequatur rerum voluptate consequatur. Reprehenderit quia nihil libero.','Veritatis beatae qui eveniet officiis mollitia. Autem nisi sed corrupti fugiat aut placeat et. Voluptatem voluptatem consectetur et qui. Consectetur fugiat ipsum praesentium aut autem aut. In ut totam odit. Ratione repellat esse voluptatibus et. Est maiores dolor eligendi ex explicabo. Non ea commodi fugiat vel ullam in voluptatem. Quia doloribus itaque sint atque minus. Minima libero ad sequi ratione. Voluptatibus ea cumque laboriosam voluptates et qui.','DRAFT','https://lorempixel.com/1200/400/?33592','2018-05-02 00:08:22','2018-05-02 00:08:22'),(27,6,3,'Ut deleniti soluta sed.','ut-deleniti-soluta-sed','Sequi esse ut eligendi unde est. Et sequi voluptas ut nemo repellat vel sint. Delectus quis numquam veritatis ipsum dignissimos iste.','Impedit voluptatem exercitationem consequatur quisquam. Illum delectus neque numquam enim deserunt. Et unde est quasi. Ratione maxime quae dolorum doloremque similique. Laudantium nulla rerum dolorem qui animi libero blanditiis. Itaque dolores ut et laboriosam ut similique voluptas. Voluptate voluptas facilis ut et velit cum.','PUBLISHED','https://lorempixel.com/1200/400/?25155','2018-05-02 00:08:22','2018-05-02 00:08:22'),(28,1,2,'Ipsa odio quo est omnis aut.','ipsa-odio-quo-est-omnis-aut','Delectus voluptas ut saepe fugiat. Saepe eveniet animi dolore maxime praesentium assumenda qui. Eum iste et nobis quas. Pariatur magni dignissimos ea.','Alias distinctio ut est fugit cumque dignissimos ipsam. Aperiam dicta eaque adipisci enim numquam tempora. Impedit qui qui voluptate vel aut rerum est. Et sint sit nisi amet assumenda. Voluptates eligendi iure excepturi quidem culpa. Ea ratione ea optio tempora. Velit iure quia consequatur voluptatem magnam sit. Et dolores maxime perspiciatis et neque ullam cum. Cupiditate ut consequuntur architecto sit voluptatem quis corporis nihil. Tenetur velit eum est id.','DRAFT','https://lorempixel.com/1200/400/?79727','2018-05-02 00:08:22','2018-05-02 00:08:22'),(29,3,5,'Reprehenderit fugiat dolor.','reprehenderit-fugiat-dolor','Quia dignissimos nulla earum ut tenetur qui. Voluptatem ipsa temporibus illum laborum sed. Autem dolore consectetur nulla. Ut ipsum consequatur placeat sint modi enim molestias et.','Omnis adipisci sed suscipit amet reprehenderit. Aperiam maiores sunt dolor sunt ipsa maxime delectus. Officiis vitae est repellendus excepturi non. Quod reprehenderit cumque officia voluptatem. Similique quis impedit voluptas architecto. Quia ipsam qui mollitia. Sed soluta et ut enim vel sit labore. Consequatur vel ut ut repellendus et ratione rem.','PUBLISHED','https://lorempixel.com/1200/400/?52707','2018-05-02 00:08:22','2018-05-02 00:08:22'),(30,8,2,'Expedita non quibusdam perferendis.','expedita-non-quibusdam-perferendis','Impedit iure quo qui sed enim dicta. Optio inventore eum sequi ut quis eos aut. Repellat qui aut est dolores repellendus maiores.','Sapiente optio optio eius occaecati. Et vel aut nesciunt sapiente. Aut est quaerat amet. Excepturi repellendus a ut voluptas eum quia. Minus hic autem cupiditate alias. Non eum rerum et eveniet. Sapiente dolorum voluptatem animi debitis rerum non doloremque est. Maxime id sed dolorem excepturi. Voluptas dolores similique recusandae mollitia pariatur quis. Omnis placeat perferendis autem quam labore odit.','DRAFT','https://lorempixel.com/1200/400/?88289','2018-05-02 00:08:22','2018-05-02 00:08:22'),(31,9,9,'Asperiores non et sunt.','asperiores-non-et-sunt','Est et molestias illo voluptas. Rerum eos sit soluta ipsum. Non dignissimos aspernatur commodi error.','Exercitationem laboriosam sed aut dolor reprehenderit. Aut omnis ut blanditiis unde est omnis consectetur illo. Quia voluptates inventore maxime sequi velit ut. Tempore accusantium fugiat optio velit molestiae assumenda est. Non eligendi itaque a optio sequi. Deleniti dolorem at corporis eos repellendus. Molestiae vitae cupiditate quibusdam consequatur et quis nemo in. Voluptates voluptas vero eius sint sed et.','PUBLISHED','https://lorempixel.com/1200/400/?13865','2018-05-02 00:08:22','2018-05-02 00:08:22'),(32,3,4,'Nemo quia dolore architecto magnam temporibus.','nemo-quia-dolore-architecto-magnam-temporibus','Sint iusto veniam saepe delectus blanditiis saepe optio. Nihil maiores harum aut fugit eligendi culpa. Neque voluptatibus cupiditate iusto et iste modi exercitationem.','Unde ullam quis reprehenderit repellat illo aliquid consequatur eligendi. Et delectus nihil nostrum numquam minus et magnam aspernatur. Cum soluta commodi temporibus et odit. Dolores dignissimos ab autem nesciunt. Et sit est suscipit minima nam. Assumenda velit soluta consequatur autem qui distinctio omnis repudiandae. Itaque veniam similique qui debitis ad dicta aut. Natus nihil fugiat sit qui ab qui. Libero eum quis aliquid ducimus et ut reiciendis. Atque hic atque iste.','DRAFT','https://lorempixel.com/1200/400/?18954','2018-05-02 00:08:22','2018-05-02 00:08:22'),(33,9,6,'Dolor ex error.','dolor-ex-error','Rerum beatae debitis atque doloribus sunt et dolor. Ad quis culpa nesciunt eveniet culpa. Voluptatum impedit sed sit aliquid accusamus dicta.','Quidem consequatur provident est ad eum dolorum quos cupiditate. Corporis nemo qui unde repudiandae. Et modi eos aut. Praesentium autem repellendus ut qui fuga praesentium. Eveniet quia et in non. Id ut velit cumque laboriosam omnis officia laboriosam. Odit eum animi nihil. Et saepe fuga consequatur at illo blanditiis. Et aut quasi autem eligendi velit. Ea esse molestias et quia voluptatem quasi magni non.','DRAFT','https://lorempixel.com/1200/400/?81693','2018-05-02 00:08:22','2018-05-02 00:08:22'),(34,9,5,'Sed omnis occaecati qui.','sed-omnis-occaecati-qui','Consequuntur provident aliquam vel quae pariatur. Qui voluptatem aliquam voluptate neque quo. Doloribus rem mollitia aspernatur illo error voluptas tenetur.','Doloremque aut numquam in. Numquam laborum magnam adipisci qui rerum id ea. Magnam est molestiae error omnis. Sunt exercitationem error exercitationem sit et distinctio voluptatem. Iste velit reiciendis voluptates debitis. Deserunt veritatis deleniti reprehenderit. Sed neque recusandae et debitis magnam quia enim. Accusantium expedita alias quis quae et.','DRAFT','https://lorempixel.com/1200/400/?81599','2018-05-02 00:08:22','2018-05-02 00:08:22'),(35,9,3,'Sunt voluptates non est illo molestiae.','sunt-voluptates-non-est-illo-molestiae','Aperiam omnis eligendi et ea neque sed impedit. Dolor possimus qui in fugit harum. Dolorum veniam neque illum error. Ratione sint ad qui.','Magni quasi voluptatem deleniti ut temporibus officiis porro vitae. Amet harum doloremque saepe voluptatum quaerat voluptas sit. Rerum culpa dolores architecto eaque a. Et fugiat eos non totam quia sed. Veniam earum numquam explicabo aliquam recusandae aut. Earum quis inventore provident quaerat et sapiente. Quae quos voluptatem quibusdam sed iusto.','PUBLISHED','https://lorempixel.com/1200/400/?79768','2018-05-02 00:08:22','2018-05-02 00:08:22'),(36,7,4,'Magnam sint quidem repudiandae.','magnam-sint-quidem-repudiandae','Amet ipsam dolorem dolorem consequatur autem beatae. Quasi est occaecati quae veniam qui possimus. Est modi ullam omnis.','Et ratione doloribus praesentium quam. Perferendis tempore ut vel eaque qui a sapiente deserunt. Ab quia quis dolor est temporibus ipsa odit. Iusto molestiae velit nostrum tempore nostrum. Numquam animi perferendis quasi soluta. Et corporis adipisci exercitationem ut voluptatem quisquam. Officiis qui quo deserunt voluptate placeat id. Et rem sed ut quasi laborum.','PUBLISHED','https://lorempixel.com/1200/400/?76372','2018-05-02 00:08:22','2018-05-02 00:08:22'),(37,2,4,'Quaerat ut commodi.','quaerat-ut-commodi','Earum et eum quia quia ut. Magni fuga ut ut sint voluptas. Repellat quidem accusamus quia consequatur sunt nihil. Et possimus minima non consequatur non. Voluptatem tenetur a repellendus sed.','Quia sit facilis aliquam repellat ut laudantium. Enim impedit rem consequuntur voluptates. Molestiae et quis debitis nobis cumque ipsa. Perferendis earum sequi nobis consequuntur quo minima. Sequi non est asperiores sint perferendis. Aperiam amet eum fuga sed asperiores aut. Ipsum ullam necessitatibus accusantium consectetur veritatis rem. Aspernatur amet aut beatae ea quis.','DRAFT','https://lorempixel.com/1200/400/?93602','2018-05-02 00:08:22','2018-05-02 00:08:22'),(38,8,9,'Voluptatem consectetur autem dolor fugiat molestiae.','voluptatem-consectetur-autem-dolor-fugiat-molestiae','Voluptas nobis quam sit voluptas ut eius. Tempora natus et laboriosam et et sed porro. Dolorum beatae asperiores delectus molestiae. Voluptatum dolorem voluptas sapiente ab accusantium aperiam iusto.','Et molestiae cupiditate omnis. Voluptatibus voluptatem earum dolore quos. Qui dolores dignissimos quasi culpa consequatur. Ipsa praesentium eaque fuga consectetur maxime. Qui quis commodi dolorum aliquam. Qui quaerat commodi dolorum sed amet impedit. Nihil illo beatae qui ab molestias. Sed debitis dolore sint velit. Eveniet fugit inventore a quos. Distinctio tempore qui nesciunt qui. Quia est quisquam dolorem.','PUBLISHED','https://lorempixel.com/1200/400/?71186','2018-05-02 00:08:22','2018-05-02 00:08:22'),(39,8,10,'Error omnis est repellendus consequatur.','error-omnis-est-repellendus-consequatur','Totam sed aspernatur voluptatem. Ut distinctio alias occaecati adipisci enim nobis quas. Et delectus nihil veniam provident reprehenderit doloremque.','Quo non quis eos officia ex. Alias vitae quasi porro ab. Sint facilis recusandae aspernatur cum tempore maiores enim. Deleniti quis unde tenetur dolores. Pariatur aliquam dolorem expedita rem. Nihil eligendi odio mollitia cumque. Qui aspernatur eos natus sint. Nihil dolore blanditiis asperiores qui et. Hic modi consequatur quasi nulla aspernatur quo. Dolores et fugit aut illo aspernatur deserunt nobis. Doloremque reiciendis iure nisi aut minus tenetur aspernatur.','DRAFT','https://lorempixel.com/1200/400/?80004','2018-05-02 00:08:22','2018-05-02 00:08:22'),(40,2,7,'Possimus autem aut ea.','possimus-autem-aut-ea','Natus qui ut maiores iure id suscipit asperiores. Sed eos aut eligendi voluptas ut deserunt. Vitae similique fugit ea iste illo consequatur. Voluptatem earum et enim voluptatem.','Et quam ab itaque dicta. Perferendis odit dolorem cum impedit esse qui. Doloribus voluptas officia ut officia et cupiditate quo. Et qui hic error deserunt. Ratione qui eaque labore temporibus praesentium officiis voluptas aut. Suscipit numquam quam sint sunt sed eos. Est exercitationem soluta nobis quisquam in animi temporibus.','DRAFT','https://lorempixel.com/1200/400/?64437','2018-05-02 00:08:23','2018-05-02 00:08:23');

/*Table structure for table `tags` */

DROP TABLE IF EXISTS `tags`;

CREATE TABLE `tags` (
  `id` int(10) unsigned NOT NULL AUTO_INCREMENT,
  `name` varchar(128) COLLATE utf8mb4_unicode_ci NOT NULL,
  `slug` varchar(128) COLLATE utf8mb4_unicode_ci NOT NULL,
  `created_at` timestamp NULL DEFAULT NULL,
  `updated_at` timestamp NULL DEFAULT NULL,
  PRIMARY KEY (`id`)
) ENGINE=InnoDB AUTO_INCREMENT=17 DEFAULT CHARSET=utf8mb4 COLLATE=utf8mb4_unicode_ci;

/*Data for the table `tags` */

insert  into `tags`(`id`,`name`,`slug`,`created_at`,`updated_at`) values (1,'Etiqueta1','qui1','2018-05-02 00:08:19','2018-05-03 04:43:43'),(2,'distinctio','distinctio','2018-05-02 00:08:19','2018-05-02 00:08:19'),(3,'fuga','fuga','2018-05-02 00:08:19','2018-05-02 00:08:19'),(4,'a','a','2018-05-02 00:08:19','2018-05-02 00:08:19'),(5,'facere','facere','2018-05-02 00:08:19','2018-05-02 00:08:19'),(6,'optio','optio','2018-05-02 00:08:19','2018-05-02 00:08:19'),(7,'ducimus','ducimus','2018-05-02 00:08:19','2018-05-02 00:08:19'),(8,'libero','libero','2018-05-02 00:08:19','2018-05-02 00:08:19'),(9,'autem','autem','2018-05-02 00:08:19','2018-05-02 00:08:19'),(10,'voluptatibus','voluptatibus','2018-05-02 00:08:20','2018-05-02 00:08:20'),(11,'est','est','2018-05-02 00:08:20','2018-05-02 00:08:20'),(12,'et','et','2018-05-02 00:08:20','2018-05-02 00:08:20'),(16,'Etiqueta Prueba','etiqueta_prueba','2018-05-03 04:33:19','2018-05-03 04:43:09');

/*Table structure for table `users` */

DROP TABLE IF EXISTS `users`;

CREATE TABLE `users` (
  `id` int(10) unsigned NOT NULL AUTO_INCREMENT,
  `name` varchar(255) COLLATE utf8mb4_unicode_ci NOT NULL,
  `email` varchar(128) COLLATE utf8mb4_unicode_ci NOT NULL,
  `password` varchar(255) COLLATE utf8mb4_unicode_ci NOT NULL,
  `remember_token` varchar(100) COLLATE utf8mb4_unicode_ci DEFAULT NULL,
  `created_at` timestamp NULL DEFAULT NULL,
  `updated_at` timestamp NULL DEFAULT NULL,
  PRIMARY KEY (`id`),
  UNIQUE KEY `users_email_unique` (`email`)
) ENGINE=InnoDB AUTO_INCREMENT=11 DEFAULT CHARSET=utf8mb4 COLLATE=utf8mb4_unicode_ci;

/*Data for the table `users` */

insert  into `users`(`id`,`name`,`email`,`password`,`remember_token`,`created_at`,`updated_at`) values (1,'Benny Koelpin','ukub@example.net','$2y$10$TKh8H1.PfQx37YgCzwiKb.KjNyWgaHb9cbcoQgdIVFlYg7B77UdFm','QsQqNxY9Pu','2018-05-02 00:08:17','2018-05-02 00:08:17'),(2,'Jacynthe Wiza','bayer.bernadine@example.org','$2y$10$TKh8H1.PfQx37YgCzwiKb.KjNyWgaHb9cbcoQgdIVFlYg7B77UdFm','XIHkURlQOM','2018-05-02 00:08:17','2018-05-02 00:08:17'),(3,'Minerva Doyle IV','colten39@example.net','$2y$10$TKh8H1.PfQx37YgCzwiKb.KjNyWgaHb9cbcoQgdIVFlYg7B77UdFm','x40BezWElU','2018-05-02 00:08:17','2018-05-02 00:08:17'),(4,'Shane Cronin DVM','alan55@example.com','$2y$10$TKh8H1.PfQx37YgCzwiKb.KjNyWgaHb9cbcoQgdIVFlYg7B77UdFm','8yGePrHAVx','2018-05-02 00:08:17','2018-05-02 00:08:17'),(5,'Nelle Schaden','oaufderhar@example.org','$2y$10$TKh8H1.PfQx37YgCzwiKb.KjNyWgaHb9cbcoQgdIVFlYg7B77UdFm','Wh2bH9vKMR','2018-05-02 00:08:17','2018-05-02 00:08:17'),(6,'Mrs. Noemi Gorczany Sr.','hkreiger@example.com','$2y$10$TKh8H1.PfQx37YgCzwiKb.KjNyWgaHb9cbcoQgdIVFlYg7B77UdFm','zFJTHSEixG','2018-05-02 00:08:17','2018-05-02 00:08:17'),(7,'Eldora Strosin','nicolas.hallie@example.net','$2y$10$TKh8H1.PfQx37YgCzwiKb.KjNyWgaHb9cbcoQgdIVFlYg7B77UdFm','uPWwKBjvQI','2018-05-02 00:08:17','2018-05-02 00:08:17'),(8,'Peyton Russel','klebsack@example.org','$2y$10$TKh8H1.PfQx37YgCzwiKb.KjNyWgaHb9cbcoQgdIVFlYg7B77UdFm','EVE3ly296x','2018-05-02 00:08:17','2018-05-02 00:08:17'),(9,'Elkin','ealvarez@developer.com','$2y$10$j.vZSI7iadX/KNrTjBpy0uzYzhHU8lu5xwAHfT.7vA7xhSbBd.vEu','CU56kTXV0u3ZID9OMnJeOnNiaabeLHWrygOTQxItZ2unQgJyIODamdMadPAr','2018-05-02 00:08:18','2018-05-02 00:08:18'),(10,'Carlos','carlos@askmethod.com','$2y$10$A16RgF.KkhIHk82VEoR6U.KYRJOj3yBgoOz1fFrO0QBqr6K2RzjIS','3ATxhwCw092YLOPxNxwWaiyZ5b3gskXaHDDxYvRgfPyEuIe9SHn271C9dnsv','2018-05-02 00:08:18','2018-05-02 00:08:18');

/*!40101 SET SQL_MODE=@OLD_SQL_MODE */;
/*!40014 SET FOREIGN_KEY_CHECKS=@OLD_FOREIGN_KEY_CHECKS */;
/*!40014 SET UNIQUE_CHECKS=@OLD_UNIQUE_CHECKS */;
/*!40111 SET SQL_NOTES=@OLD_SQL_NOTES */;
